"","OBJECTID","DPTO_CCDGO","DPTO_NAREA","DEPTO","Year","Poblacion"
"1",1,"88",49602.13763189,"SAN ANDRES",1985,41745
"2",2,"05",63063325603.3,"ANTIOQUIA",1985,4118871
"3",3,"08",3326730008.33,"ATLANTICO",1985,1516055
"4",4,"11",1633209262.44,"BOGOTA",1985,4225649
"5",5,"13",26665590821.3,"BOLIVAR",1985,1305302
"6",6,"15",23077053533.8,"BOYACA",1985,1137784
"7",7,"17",7415932692.9,"CALDAS",1985,867403
"8",8,"18",90076650375.9,"CAQUETA",1985,287047
"9",9,"19",30643309692.5,"CAUCA",1985,953449
"10",10,"20",22283670028.7,"CESAR",1985,633427
"11",11,"23",25041935532.1,"CORDOBA",1985,1056197
"12",12,"25",22368383444.1,"CUNDINAMARCA",1985,1563498
"13",13,"27",47579077175.6,"CHOCO",1985,361173
"14",14,"41",18711021019.1,"HUILA",1985,723046
"15",15,"44",20670666607.9,"GUAJIRA",1985,362666
"16",16,"47",23205726282.5,"MAGDALENA",1985,888479
"17",17,"50",85485545028.4,"META",1985,510667
"18",18,"52",31649908982.1,"NARIÑO",1985,1136533
"19",19,"54",22023022884.6,"NORTE SANTANDER",1985,953912
"20",20,"63",1935383829.55,"QUINDIO",1985,410154
"21",21,"66",3978381258.68,"RISARALDA",1985,667093
"22",22,"68",30596831607.2,"SANTANDER",1985,1577716
"23",23,"70",10709151724.8,"SUCRE",1985,571994
"24",24,"73",23983356256.7,"TOLIMA",1985,1245647
"25",25,"76",21269355545.1,"VALLE",1985,3041474
"26",26,"81",23805557612,"ARAUCA",1985,102845
"27",27,"85",44483997372.1,"CASANARE",1985,170554
"28",28,"86",25893760987.4,"PUTUMAYO",1985,210030
"29",29,"91",110046458883,"AMAZONAS",1985,38004
"30",30,"94",71567454637.3,"GUAINIA",1985,17871
"31",31,"95",55453915266.9,"GUAVIARE",1985,57396
"32",32,"97",53543583850.6,"VAUPES",1985,22806
"33",33,"99",100014402552,"VICHADA",1985,25734
"34",1,"88",49602.13763189,"SAN ANDRES",1986,43562
"35",2,"05",63063325603.3,"ANTIOQUIA",1986,4193917
"36",3,"08",3326730008.33,"ATLANTICO",1986,1550758
"37",4,"11",1633209262.44,"BOGOTA",1986,4360948
"38",5,"13",26665590821.3,"BOLIVAR",1986,1337290
"39",6,"15",23077053533.8,"BOYACA",1986,1146755
"40",7,"17",7415932692.9,"CALDAS",1986,878054
"41",8,"18",90076650375.9,"CAQUETA",1986,294119
"42",9,"19",30643309692.5,"CAUCA",1986,972489
"43",10,"20",22283670028.7,"CESAR",1986,648834
"44",11,"23",25041935532.1,"CORDOBA",1986,1076561
"45",12,"25",22368383444.1,"CUNDINAMARCA",1986,1596364
"46",13,"27",47579077175.6,"CHOCO",1986,367084
"47",14,"41",18711021019.1,"HUILA",1986,734789
"48",15,"44",20670666607.9,"GUAJIRA",1986,373549
"49",16,"47",23205726282.5,"MAGDALENA",1986,908242
"50",17,"50",85485545028.4,"META",1986,522349
"51",18,"52",31649908982.1,"NARIÑO",1986,1160391
"52",19,"54",22023022884.6,"NORTE SANTANDER",1986,967688
"53",20,"63",1935383829.55,"QUINDIO",1986,416853
"54",21,"66",3978381258.68,"RISARALDA",1986,679979
"55",22,"68",30596831607.2,"SANTANDER",1986,1601793
"56",23,"70",10709151724.8,"SUCRE",1986,583041
"57",24,"73",23983356256.7,"TOLIMA",1986,1252802
"58",25,"76",21269355545.1,"VALLE",1986,3104541
"59",26,"81",23805557612,"ARAUCA",1986,109433
"60",27,"85",44483997372.1,"CASANARE",1986,174744
"61",28,"86",25893760987.4,"PUTUMAYO",1986,215172
"62",29,"91",110046458883,"AMAZONAS",1986,39487
"63",30,"94",71567454637.3,"GUAINIA",1986,18540
"64",31,"95",55453915266.9,"GUAVIARE",1986,59516
"65",32,"97",53543583850.6,"VAUPES",1986,23664
"66",33,"99",100014402552,"VICHADA",1986,26689
"67",1,"88",49602.13763189,"SAN ANDRES",1987,45620
"68",2,"05",63063325603.3,"ANTIOQUIA",1987,4269519
"69",3,"08",3326730008.33,"ATLANTICO",1987,1586111
"70",4,"11",1633209262.44,"BOGOTA",1987,4502390
"71",5,"13",26665590821.3,"BOLIVAR",1987,1372254
"72",6,"15",23077053533.8,"BOYACA",1987,1155003
"73",7,"17",7415932692.9,"CALDAS",1987,888460
"74",8,"18",90076650375.9,"CAQUETA",1987,302326
"75",9,"19",30643309692.5,"CAUCA",1987,992008
"76",10,"20",22283670028.7,"CESAR",1987,664554
"77",11,"23",25041935532.1,"CORDOBA",1987,1096626
"78",12,"25",22368383444.1,"CUNDINAMARCA",1987,1627586
"79",13,"27",47579077175.6,"CHOCO",1987,372990
"80",14,"41",18711021019.1,"HUILA",1987,747499
"81",15,"44",20670666607.9,"GUAJIRA",1987,383157
"82",16,"47",23205726282.5,"MAGDALENA",1987,927766
"83",17,"50",85485545028.4,"META",1987,533061
"84",18,"52",31649908982.1,"NARIÑO",1987,1183777
"85",19,"54",22023022884.6,"NORTE SANTANDER",1987,983168
"86",20,"63",1935383829.55,"QUINDIO",1987,424936
"87",21,"66",3978381258.68,"RISARALDA",1987,694985
"88",22,"68",30596831607.2,"SANTANDER",1987,1626899
"89",23,"70",10709151724.8,"SUCRE",1987,594818
"90",24,"73",23983356256.7,"TOLIMA",1987,1259669
"91",25,"76",21269355545.1,"VALLE",1987,3171288
"92",26,"81",23805557612,"ARAUCA",1987,116206
"93",27,"85",44483997372.1,"CASANARE",1987,179458
"94",28,"86",25893760987.4,"PUTUMAYO",1987,220578
"95",29,"91",110046458883,"AMAZONAS",1987,41042
"96",30,"94",71567454637.3,"GUAINIA",1987,19245
"97",31,"95",55453915266.9,"GUAVIARE",1987,61709
"98",32,"97",53543583850.6,"VAUPES",1987,24561
"99",33,"99",100014402552,"VICHADA",1987,27704
"100",1,"88",49602.13763189,"SAN ANDRES",1988,47859
"101",2,"05",63063325603.3,"ANTIOQUIA",1988,4345636
"102",3,"08",3326730008.33,"ATLANTICO",1988,1621874
"103",4,"11",1633209262.44,"BOGOTA",1988,4648463
"104",5,"13",26665590821.3,"BOLIVAR",1988,1409379
"105",6,"15",23077053533.8,"BOYACA",1988,1162572
"106",7,"17",7415932692.9,"CALDAS",1988,898440
"107",8,"18",90076650375.9,"CAQUETA",1988,311368
"108",9,"19",30643309692.5,"CAUCA",1988,1011792
"109",10,"20",22283670028.7,"CESAR",1988,680426
"110",11,"23",25041935532.1,"CORDOBA",1988,1116468
"111",12,"25",22368383444.1,"CUNDINAMARCA",1988,1657734
"112",13,"27",47579077175.6,"CHOCO",1988,378846
"113",14,"41",18711021019.1,"HUILA",1988,760675
"114",15,"44",20670666607.9,"GUAJIRA",1988,391887
"115",16,"47",23205726282.5,"MAGDALENA",1988,946887
"116",17,"50",85485545028.4,"META",1988,543112
"117",18,"52",31649908982.1,"NARIÑO",1988,1206625
"118",19,"54",22023022884.6,"NORTE SANTANDER",1988,999946
"119",20,"63",1935383829.55,"QUINDIO",1988,433869
"120",21,"66",3978381258.68,"RISARALDA",1988,711522
"121",22,"68",30596831607.2,"SANTANDER",1988,1652623
"122",23,"70",10709151724.8,"SUCRE",1988,607077
"123",24,"73",23983356256.7,"TOLIMA",1988,1266298
"124",25,"76",21269355545.1,"VALLE",1988,3240825
"125",26,"81",23805557612,"ARAUCA",1988,123166
"126",27,"85",44483997372.1,"CASANARE",1988,184662
"127",28,"86",25893760987.4,"PUTUMAYO",1988,226198
"128",29,"91",110046458883,"AMAZONAS",1988,42649
"129",30,"94",71567454637.3,"GUAINIA",1988,19951
"130",31,"95",55453915266.9,"GUAVIARE",1988,64022
"131",32,"97",53543583850.6,"VAUPES",1988,25492
"132",33,"99",100014402552,"VICHADA",1988,28767
"133",1,"88",49602.13763189,"SAN ANDRES",1989,50209
"134",2,"05",63063325603.3,"ANTIOQUIA",1989,4422308
"135",3,"08",3326730008.33,"ATLANTICO",1989,1657967
"136",4,"11",1633209262.44,"BOGOTA",1989,4797534
"137",5,"13",26665590821.3,"BOLIVAR",1989,1447832
"138",6,"15",23077053533.8,"BOYACA",1989,1169609
"139",7,"17",7415932692.9,"CALDAS",1989,907854
"140",8,"18",90076650375.9,"CAQUETA",1989,320935
"141",9,"19",30643309692.5,"CAUCA",1989,1031644
"142",10,"20",22283670028.7,"CESAR",1989,696282
"143",11,"23",25041935532.1,"CORDOBA",1989,1136188
"144",12,"25",22368383444.1,"CUNDINAMARCA",1989,1687391
"145",13,"27",47579077175.6,"CHOCO",1989,384594
"146",14,"41",18711021019.1,"HUILA",1989,774361
"147",15,"44",20670666607.9,"GUAJIRA",1989,400182
"148",16,"47",23205726282.5,"MAGDALENA",1989,965385
"149",17,"50",85485545028.4,"META",1989,552852
"150",18,"52",31649908982.1,"NARIÑO",1989,1228944
"151",19,"54",22023022884.6,"NORTE SANTANDER",1989,1017585
"152",20,"63",1935383829.55,"QUINDIO",1989,443600
"153",21,"66",3978381258.68,"RISARALDA",1989,729578
"154",22,"68",30596831607.2,"SANTANDER",1989,1678564
"155",23,"70",10709151724.8,"SUCRE",1989,619609
"156",24,"73",23983356256.7,"TOLIMA",1989,1272722
"157",25,"76",21269355545.1,"VALLE",1989,3312817
"158",26,"81",23805557612,"ARAUCA",1989,130314
"159",27,"85",44483997372.1,"CASANARE",1989,190352
"160",28,"86",25893760987.4,"PUTUMAYO",1989,231977
"161",29,"91",110046458883,"AMAZONAS",1989,44297
"162",30,"94",71567454637.3,"GUAINIA",1989,20694
"163",31,"95",55453915266.9,"GUAVIARE",1989,66431
"164",32,"97",53543583850.6,"VAUPES",1989,26453
"165",33,"99",100014402552,"VICHADA",1989,29848
"166",1,"88",49602.13763189,"SAN ANDRES",1990,52592
"167",2,"05",63063325603.3,"ANTIOQUIA",1990,4499434
"168",3,"08",3326730008.33,"ATLANTICO",1990,1694124
"169",4,"11",1633209262.44,"BOGOTA",1990,4947890
"170",5,"13",26665590821.3,"BOLIVAR",1990,1486750
"171",6,"15",23077053533.8,"BOYACA",1990,1176235
"172",7,"17",7415932692.9,"CALDAS",1990,916563
"173",8,"18",90076650375.9,"CAQUETA",1990,330681
"174",9,"19",30643309692.5,"CAUCA",1990,1051355
"175",10,"20",22283670028.7,"CESAR",1990,711979
"176",11,"23",25041935532.1,"CORDOBA",1990,1155891
"177",12,"25",22368383444.1,"CUNDINAMARCA",1990,1717131
"178",13,"27",47579077175.6,"CHOCO",1990,390185
"179",14,"41",18711021019.1,"HUILA",1990,788539
"180",15,"44",20670666607.9,"GUAJIRA",1990,408500
"181",16,"47",23205726282.5,"MAGDALENA",1990,983096
"182",17,"50",85485545028.4,"META",1990,562631
"183",18,"52",31649908982.1,"NARIÑO",1990,1250735
"184",19,"54",22023022884.6,"NORTE SANTANDER",1990,1035636
"185",20,"63",1935383829.55,"QUINDIO",1990,453775
"186",21,"66",3978381258.68,"RISARALDA",1990,748434
"187",22,"68",30596831607.2,"SANTANDER",1990,1704337
"188",23,"70",10709151724.8,"SUCRE",1990,632182
"189",24,"73",23983356256.7,"TOLIMA",1990,1278982
"190",25,"76",21269355545.1,"VALLE",1990,3385688
"191",26,"81",23805557612,"ARAUCA",1990,137646
"192",27,"85",44483997372.1,"CASANARE",1990,196421
"193",28,"86",25893760987.4,"PUTUMAYO",1990,237860
"194",29,"91",110046458883,"AMAZONAS",1990,45984
"195",30,"94",71567454637.3,"GUAINIA",1990,21457
"196",31,"95",55453915266.9,"GUAVIARE",1990,68889
"197",32,"97",53543583850.6,"VAUPES",1990,27436
"198",33,"99",100014402552,"VICHADA",1990,30984
"199",1,"88",49602.13763189,"SAN ANDRES",1991,55364
"200",2,"05",63063325603.3,"ANTIOQUIA",1991,4577269
"201",3,"08",3326730008.33,"ATLANTICO",1991,1730433
"202",4,"11",1633209262.44,"BOGOTA",1991,5105935
"203",5,"13",26665590821.3,"BOLIVAR",1991,1529558
"204",6,"15",23077053533.8,"BOYACA",1991,1182172
"205",7,"17",7415932692.9,"CALDAS",1991,925237
"206",8,"18",90076650375.9,"CAQUETA",1991,342007
"207",9,"19",30643309692.5,"CAUCA",1991,1071687
"208",10,"20",22283670028.7,"CESAR",1991,728006
"209",11,"23",25041935532.1,"CORDOBA",1991,1175395
"210",12,"25",22368383444.1,"CUNDINAMARCA",1991,1745430
"211",13,"27",47579077175.6,"CHOCO",1991,395773
"212",14,"41",18711021019.1,"HUILA",1991,803164
"213",15,"44",20670666607.9,"GUAJIRA",1991,415758
"214",16,"47",23205726282.5,"MAGDALENA",1991,1000682
"215",17,"50",85485545028.4,"META",1991,571589
"216",18,"52",31649908982.1,"NARIÑO",1991,1270428
"217",19,"54",22023022884.6,"NORTE SANTANDER",1991,1054835
"218",20,"63",1935383829.55,"QUINDIO",1991,464617
"219",21,"66",3978381258.68,"RISARALDA",1991,768473
"220",22,"68",30596831607.2,"SANTANDER",1991,1731399
"221",23,"70",10709151724.8,"SUCRE",1991,645622
"222",24,"73",23983356256.7,"TOLIMA",1991,1284974
"223",25,"76",21269355545.1,"VALLE",1991,3460164
"224",26,"81",23805557612,"ARAUCA",1991,145284
"225",27,"85",44483997372.1,"CASANARE",1991,203056
"226",28,"86",25893760987.4,"PUTUMAYO",1991,244093
"227",29,"91",110046458883,"AMAZONAS",1991,47787
"228",30,"94",71567454637.3,"GUAINIA",1991,22251
"229",31,"95",55453915266.9,"GUAVIARE",1991,71453
"230",32,"97",53543583850.6,"VAUPES",1991,28504
"231",33,"99",100014402552,"VICHADA",1991,32171
"232",1,"88",49602.13763189,"SAN ANDRES",1992,57977
"233",2,"05",63063325603.3,"ANTIOQUIA",1992,4655495
"234",3,"08",3326730008.33,"ATLANTICO",1992,1766273
"235",4,"11",1633209262.44,"BOGOTA",1992,5261692
"236",5,"13",26665590821.3,"BOLIVAR",1992,1570959
"237",6,"15",23077053533.8,"BOYACA",1992,1187977
"238",7,"17",7415932692.9,"CALDAS",1992,932923
"239",8,"18",90076650375.9,"CAQUETA",1992,352780
"240",9,"19",30643309692.5,"CAUCA",1992,1091442
"241",10,"20",22283670028.7,"CESAR",1992,743563
"242",11,"23",25041935532.1,"CORDOBA",1992,1195055
"243",12,"25",22368383444.1,"CUNDINAMARCA",1992,1774777
"244",13,"27",47579077175.6,"CHOCO",1992,401110
"245",14,"41",18711021019.1,"HUILA",1992,818037
"246",15,"44",20670666607.9,"GUAJIRA",1992,423770
"247",16,"47",23205726282.5,"MAGDALENA",1992,1017120
"248",17,"50",85485545028.4,"META",1992,581135
"249",18,"52",31649908982.1,"NARIÑO",1992,1289606
"250",19,"54",22023022884.6,"NORTE SANTANDER",1992,1073551
"251",20,"63",1935383829.55,"QUINDIO",1992,475158
"252",21,"66",3978381258.68,"RISARALDA",1992,787892
"253",22,"68",30596831607.2,"SANTANDER",1992,1757452
"254",23,"70",10709151724.8,"SUCRE",1992,658650
"255",24,"73",23983356256.7,"TOLIMA",1992,1290868
"256",25,"76",21269355545.1,"VALLE",1992,3532718
"257",26,"81",23805557612,"ARAUCA",1992,153085
"258",27,"85",44483997372.1,"CASANARE",1992,209888
"259",28,"86",25893760987.4,"PUTUMAYO",1992,250306
"260",29,"91",110046458883,"AMAZONAS",1992,49596
"261",30,"94",71567454637.3,"GUAINIA",1992,23051
"262",31,"95",55453915266.9,"GUAVIARE",1992,74058
"263",32,"97",53543583850.6,"VAUPES",1992,29592
"264",33,"99",100014402552,"VICHADA",1992,33384
"265",1,"88",49602.13763189,"SAN ANDRES",1993,60338
"266",2,"05",63063325603.3,"ANTIOQUIA",1993,4734055
"267",3,"08",3326730008.33,"ATLANTICO",1993,1801384
"268",4,"11",1633209262.44,"BOGOTA",1993,5413484
"269",5,"13",26665590821.3,"BOLIVAR",1993,1610019
"270",6,"15",23077053533.8,"BOYACA",1993,1193706
"271",7,"17",7415932692.9,"CALDAS",1993,939459
"272",8,"18",90076650375.9,"CAQUETA",1993,362636
"273",9,"19",30643309692.5,"CAUCA",1993,1110442
"274",10,"20",22283670028.7,"CESAR",1993,758526
"275",11,"23",25041935532.1,"CORDOBA",1993,1214907
"276",12,"25",22368383444.1,"CUNDINAMARCA",1993,1805568
"277",13,"27",47579077175.6,"CHOCO",1993,406175
"278",14,"41",18711021019.1,"HUILA",1993,833106
"279",15,"44",20670666607.9,"GUAJIRA",1993,432844
"280",16,"47",23205726282.5,"MAGDALENA",1993,1032225
"281",17,"50",85485545028.4,"META",1993,591491
"282",18,"52",31649908982.1,"NARIÑO",1993,1315954
"283",19,"54",22023022884.6,"NORTE SANTANDER",1993,1096194
"284",20,"63",1935383829.55,"QUINDIO",1993,484953
"285",21,"66",3978381258.68,"RISARALDA",1993,806071
"286",22,"68",30596831607.2,"SANTANDER",1993,1782103
"287",23,"70",10709151724.8,"SUCRE",1993,671030
"288",24,"73",23983356256.7,"TOLIMA",1993,1296690
"289",25,"76",21269355545.1,"VALLE",1993,3602190
"290",26,"81",23805557612,"ARAUCA",1993,161019
"291",27,"85",44483997372.1,"CASANARE",1993,216865
"292",28,"86",25893760987.4,"PUTUMAYO",1993,256432
"293",29,"91",110046458883,"AMAZONAS",1993,51398
"294",30,"94",71567454637.3,"GUAINIA",1993,23869
"295",31,"95",55453915266.9,"GUAVIARE",1993,76680
"296",32,"97",53543583850.6,"VAUPES",1993,30683
"297",33,"99",100014402552,"VICHADA",1993,34612
"298",1,"88",49602.13763189,"SAN ANDRES",1994,62368
"299",2,"05",63063325603.3,"ANTIOQUIA",1994,4813026
"300",3,"08",3326730008.33,"ATLANTICO",1994,1835291
"301",4,"11",1633209262.44,"BOGOTA",1994,5559851
"302",5,"13",26665590821.3,"BOLIVAR",1994,1645902
"303",6,"15",23077053533.8,"BOYACA",1994,1199400
"304",7,"17",7415932692.9,"CALDAS",1994,944765
"305",8,"18",90076650375.9,"CAQUETA",1994,371283
"306",9,"19",30643309692.5,"CAUCA",1994,1128489
"307",10,"20",22283670028.7,"CESAR",1994,772772
"308",11,"23",25041935532.1,"CORDOBA",1994,1234978
"309",12,"25",22368383444.1,"CUNDINAMARCA",1994,1838117
"310",13,"27",47579077175.6,"CHOCO",1994,410933
"311",14,"41",18711021019.1,"HUILA",1994,848210
"312",15,"44",20670666607.9,"GUAJIRA",1994,441350
"313",16,"47",23205726282.5,"MAGDALENA",1994,1045940
"314",17,"50",85485545028.4,"META",1994,602837
"315",18,"52",31649908982.1,"NARIÑO",1994,1334335
"316",19,"54",22023022884.6,"NORTE SANTANDER",1994,1112889
"317",20,"63",1935383829.55,"QUINDIO",1994,493421
"318",21,"66",3978381258.68,"RISARALDA",1994,821660
"319",22,"68",30596831607.2,"SANTANDER",1994,1804993
"320",23,"70",10709151724.8,"SUCRE",1994,682593
"321",24,"73",23983356256.7,"TOLIMA",1994,1302447
"322",25,"76",21269355545.1,"VALLE",1994,3665947
"323",26,"81",23805557612,"ARAUCA",1994,169038
"324",27,"85",44483997372.1,"CASANARE",1994,223871
"325",28,"86",25893760987.4,"PUTUMAYO",1994,262409
"326",29,"91",110046458883,"AMAZONAS",1994,52765
"327",30,"94",71567454637.3,"GUAINIA",1994,25067
"328",31,"95",55453915266.9,"GUAVIARE",1994,78904
"329",32,"97",53543583850.6,"VAUPES",1994,31329
"330",33,"99",100014402552,"VICHADA",1994,36725
"331",1,"88",49602.13763189,"SAN ANDRES",1995,64013
"332",2,"05",63063325603.3,"ANTIOQUIA",1995,4892238
"333",3,"08",3326730008.33,"ATLANTICO",1995,1867925
"334",4,"11",1633209262.44,"BOGOTA",1995,5699655
"335",5,"13",26665590821.3,"BOLIVAR",1995,1678170
"336",6,"15",23077053533.8,"BOYACA",1995,1205134
"337",7,"17",7415932692.9,"CALDAS",1995,949026
"338",8,"18",90076650375.9,"CAQUETA",1995,378565
"339",9,"19",30643309692.5,"CAUCA",1995,1145497
"340",10,"20",22283670028.7,"CESAR",1995,786305
"341",11,"23",25041935532.1,"CORDOBA",1995,1255318
"342",12,"25",22368383444.1,"CUNDINAMARCA",1995,1872627
"343",13,"27",47579077175.6,"CHOCO",1995,414552
"344",14,"41",18711021019.1,"HUILA",1995,863349
"345",15,"44",20670666607.9,"GUAJIRA",1995,451387
"346",16,"47",23205726282.5,"MAGDALENA",1995,1058256
"347",17,"50",85485545028.4,"META",1995,615323
"348",18,"52",31649908982.1,"NARIÑO",1995,1352326
"349",19,"54",22023022884.6,"NORTE SANTANDER",1995,1128098
"350",20,"63",1935383829.55,"QUINDIO",1995,500422
"351",21,"66",3978381258.68,"RISARALDA",1995,834539
"352",22,"68",30596831607.2,"SANTANDER",1995,1825909
"353",23,"70",10709151724.8,"SUCRE",1995,693243
"354",24,"73",23983356256.7,"TOLIMA",1995,1308162
"355",25,"76",21269355545.1,"VALLE",1995,3723845
"356",26,"81",23805557612,"ARAUCA",1995,177070
"357",27,"85",44483997372.1,"CASANARE",1995,230789
"358",28,"86",25893760987.4,"PUTUMAYO",1995,268179
"359",29,"91",110046458883,"AMAZONAS",1995,54199
"360",30,"94",71567454637.3,"GUAINIA",1995,26240
"361",31,"95",55453915266.9,"GUAVIARE",1995,80906
"362",32,"97",53543583850.6,"VAUPES",1995,32039
"363",33,"99",100014402552,"VICHADA",1995,38878
"364",1,"88",49602.13763189,"SAN ANDRES",1996,65024
"365",2,"05",63063325603.3,"ANTIOQUIA",1996,4971893
"366",3,"08",3326730008.33,"ATLANTICO",1996,1898892
"367",4,"11",1633209262.44,"BOGOTA",1996,5828528
"368",5,"13",26665590821.3,"BOLIVAR",1996,1705277
"369",6,"15",23077053533.8,"BOYACA",1996,1211536
"370",7,"17",7415932692.9,"CALDAS",1996,951802
"371",8,"18",90076650375.9,"CAQUETA",1996,383270
"372",9,"19",30643309692.5,"CAUCA",1996,1161380
"373",10,"20",22283670028.7,"CESAR",1996,796431
"374",11,"23",25041935532.1,"CORDOBA",1996,1276474
"375",12,"25",22368383444.1,"CUNDINAMARCA",1996,1912199
"376",13,"27",47579077175.6,"CHOCO",1996,417550
"377",14,"41",18711021019.1,"HUILA",1996,878442
"378",15,"44",20670666607.9,"GUAJIRA",1996,474255
"379",16,"47",23205726282.5,"MAGDALENA",1996,1068223
"380",17,"50",85485545028.4,"META",1996,630776
"381",18,"52",31649908982.1,"NARIÑO",1996,1370965
"382",19,"54",22023022884.6,"NORTE SANTANDER",1996,1141654
"383",20,"63",1935383829.55,"QUINDIO",1996,505728
"384",21,"66",3978381258.68,"RISARALDA",1996,844257
"385",22,"68",30596831607.2,"SANTANDER",1996,1844787
"386",23,"70",10709151724.8,"SUCRE",1996,702313
"387",24,"73",23983356256.7,"TOLIMA",1996,1313846
"388",25,"76",21269355545.1,"VALLE",1996,3774547
"389",26,"81",23805557612,"ARAUCA",1996,186390
"390",27,"85",44483997372.1,"CASANARE",1996,237596
"391",28,"86",25893760987.4,"PUTUMAYO",1996,273972
"392",29,"91",110046458883,"AMAZONAS",1996,55797
"393",30,"94",71567454637.3,"GUAINIA",1996,27439
"394",31,"95",55453915266.9,"GUAVIARE",1996,82854
"395",32,"97",53543583850.6,"VAUPES",1996,32859
"396",33,"99",100014402552,"VICHADA",1996,41094
"397",1,"88",49602.13763189,"SAN ANDRES",1997,65830
"398",2,"05",63063325603.3,"ANTIOQUIA",1997,5051568
"399",3,"08",3326730008.33,"ATLANTICO",1997,1929016
"400",4,"11",1633209262.44,"BOGOTA",1997,5952563
"401",5,"13",26665590821.3,"BOLIVAR",1997,1729769
"402",6,"15",23077053533.8,"BOYACA",1997,1217755
"403",7,"17",7415932692.9,"CALDAS",1997,954043
"404",8,"18",90076650375.9,"CAQUETA",1997,387386
"405",9,"19",30643309692.5,"CAUCA",1997,1176304
"406",10,"20",22283670028.7,"CESAR",1997,806134
"407",11,"23",25041935532.1,"CORDOBA",1997,1297727
"408",12,"25",22368383444.1,"CUNDINAMARCA",1997,1952798
"409",13,"27",47579077175.6,"CHOCO",1997,421210
"410",14,"41",18711021019.1,"HUILA",1997,893504
"411",15,"44",20670666607.9,"GUAJIRA",1997,489649
"412",16,"47",23205726282.5,"MAGDALENA",1997,1077518
"413",17,"50",85485545028.4,"META",1997,646934
"414",18,"52",31649908982.1,"NARIÑO",1997,1389504
"415",19,"54",22023022884.6,"NORTE SANTANDER",1997,1154341
"416",20,"63",1935383829.55,"QUINDIO",1997,510031
"417",21,"66",3978381258.68,"RISARALDA",1997,852110
"418",22,"68",30596831607.2,"SANTANDER",1997,1861982
"419",23,"70",10709151724.8,"SUCRE",1997,710845
"420",24,"73",23983356256.7,"TOLIMA",1997,1319533
"421",25,"76",21269355545.1,"VALLE",1997,3821170
"422",26,"81",23805557612,"ARAUCA",1997,195159
"423",27,"85",44483997372.1,"CASANARE",1997,244321
"424",28,"86",25893760987.4,"PUTUMAYO",1997,279434
"425",29,"91",110046458883,"AMAZONAS",1997,57409
"426",30,"94",71567454637.3,"GUAINIA",1997,28589
"427",31,"95",55453915266.9,"GUAVIARE",1997,84611
"428",32,"97",53543583850.6,"VAUPES",1997,33693
"429",33,"99",100014402552,"VICHADA",1997,43251
"430",1,"88",49602.13763189,"SAN ANDRES",1998,66501
"431",2,"05",63063325603.3,"ANTIOQUIA",1998,5131232
"432",3,"08",3326730008.33,"ATLANTICO",1998,1958597
"433",4,"11",1633209262.44,"BOGOTA",1998,6072489
"434",5,"13",26665590821.3,"BOLIVAR",1998,1752072
"435",6,"15",23077053533.8,"BOYACA",1998,1223691
"436",7,"17",7415932692.9,"CALDAS",1998,955943
"437",8,"18",90076650375.9,"CAQUETA",1998,391148
"438",9,"19",30643309692.5,"CAUCA",1998,1190302
"439",10,"20",22283670028.7,"CESAR",1998,825371
"440",11,"23",25041935532.1,"CORDOBA",1998,1319008
"441",12,"25",22368383444.1,"CUNDINAMARCA",1998,1994007
"442",13,"27",47579077175.6,"CHOCO",1998,420631
"443",14,"41",18711021019.1,"HUILA",1998,908491
"444",15,"44",20670666607.9,"GUAJIRA",1998,506623
"445",16,"47",23205726282.5,"MAGDALENA",1998,1078786
"446",17,"50",85485545028.4,"META",1998,663575
"447",18,"52",31649908982.1,"NARIÑO",1998,1407504
"448",19,"54",22023022884.6,"NORTE SANTANDER",1998,1166395
"449",20,"63",1935383829.55,"QUINDIO",1998,513604
"450",21,"66",3978381258.68,"RISARALDA",1998,858568
"451",22,"68",30596831607.2,"SANTANDER",1998,1877582
"452",23,"70",10709151724.8,"SUCRE",1998,718974
"453",24,"73",23983356256.7,"TOLIMA",1998,1325239
"454",25,"76",21269355545.1,"VALLE",1998,3864822
"455",26,"81",23805557612,"ARAUCA",1998,203132
"456",27,"85",44483997372.1,"CASANARE",1998,250927
"457",28,"86",25893760987.4,"PUTUMAYO",1998,284526
"458",29,"91",110046458883,"AMAZONAS",1998,59009
"459",30,"94",71567454637.3,"GUAINIA",1998,29679
"460",31,"95",55453915266.9,"GUAVIARE",1998,86200
"461",32,"97",53543583850.6,"VAUPES",1998,34531
"462",33,"99",100014402552,"VICHADA",1998,45297
"463",1,"88",49602.13763189,"SAN ANDRES",1999,67098
"464",2,"05",63063325603.3,"ANTIOQUIA",1999,5210735
"465",3,"08",3326730008.33,"ATLANTICO",1999,1988031
"466",4,"11",1633209262.44,"BOGOTA",1999,6189030
"467",5,"13",26665590821.3,"BOLIVAR",1999,1772692
"468",6,"15",23077053533.8,"BOYACA",1999,1229300
"469",7,"17",7415932692.9,"CALDAS",1999,957670
"470",8,"18",90076650375.9,"CAQUETA",1999,394815
"471",9,"19",30643309692.5,"CAUCA",1999,1203451
"472",10,"20",22283670028.7,"CESAR",1999,834957
"473",11,"23",25041935532.1,"CORDOBA",1999,1340286
"474",12,"25",22368383444.1,"CUNDINAMARCA",1999,2035449
"475",13,"27",47579077175.6,"CHOCO",1999,436682
"476",14,"41",18711021019.1,"HUILA",1999,923392
"477",15,"44",20670666607.9,"GUAJIRA",1999,526992
"478",16,"47",23205726282.5,"MAGDALENA",1999,1079822
"479",17,"50",85485545028.4,"META",1999,680490
"480",18,"52",31649908982.1,"NARIÑO",1999,1425587
"481",19,"54",22023022884.6,"NORTE SANTANDER",1999,1178015
"482",20,"63",1935383829.55,"QUINDIO",1999,516799
"483",21,"66",3978381258.68,"RISARALDA",1999,864388
"484",22,"68",30596831607.2,"SANTANDER",1999,1891810
"485",23,"70",10709151724.8,"SUCRE",1999,726839
"486",24,"73",23983356256.7,"TOLIMA",1999,1330960
"487",25,"76",21269355545.1,"VALLE",1999,3907200
"488",26,"81",23805557612,"ARAUCA",1999,210113
"489",27,"85",44483997372.1,"CASANARE",1999,257496
"490",28,"86",25893760987.4,"PUTUMAYO",1999,289225
"491",29,"91",110046458883,"AMAZONAS",1999,60569
"492",30,"94",71567454637.3,"GUAINIA",1999,30698
"493",31,"95",55453915266.9,"GUAVIARE",1999,87661
"494",32,"97",53543583850.6,"VAUPES",1999,35353
"495",33,"99",100014402552,"VICHADA",1999,47193
"496",1,"88",49602.13763189,"SAN ANDRES",2000,67672
"497",2,"05",63063325603.3,"ANTIOQUIA",2000,5289912
"498",3,"08",3326730008.33,"ATLANTICO",2000,2017388
"499",4,"11",1633209262.44,"BOGOTA",2000,6302881
"500",5,"13",26665590821.3,"BOLIVAR",2000,1792634
"501",6,"15",23077053533.8,"BOYACA",2000,1234550
"502",7,"17",7415932692.9,"CALDAS",2000,959483
"503",8,"18",90076650375.9,"CAQUETA",2000,398736
"504",9,"19",30643309692.5,"CAUCA",2000,1215944
"505",10,"20",22283670028.7,"CESAR",2000,844564
"506",11,"23",25041935532.1,"CORDOBA",2000,1361658
"507",12,"25",22368383444.1,"CUNDINAMARCA",2000,2076798
"508",13,"27",47579077175.6,"CHOCO",2000,437343
"509",14,"41",18711021019.1,"HUILA",2000,938244
"510",15,"44",20670666607.9,"GUAJIRA",2000,548879
"511",16,"47",23205726282.5,"MAGDALENA",2000,1118977
"512",17,"50",85485545028.4,"META",2000,697478
"513",18,"52",31649908982.1,"NARIÑO",2000,1446493
"514",19,"54",22023022884.6,"NORTE SANTANDER",2000,1189505
"515",20,"63",1935383829.55,"QUINDIO",2000,519805
"516",21,"66",3978381258.68,"RISARALDA",2000,869888
"517",22,"68",30596831607.2,"SANTANDER",2000,1905077
"518",23,"70",10709151724.8,"SUCRE",2000,734647
"519",24,"73",23983356256.7,"TOLIMA",2000,1336721
"520",25,"76",21269355545.1,"VALLE",2000,3949031
"521",26,"81",23805557612,"ARAUCA",2000,215979
"522",27,"85",44483997372.1,"CASANARE",2000,263956
"523",28,"86",25893760987.4,"PUTUMAYO",2000,293525
"524",29,"91",110046458883,"AMAZONAS",2000,62065
"525",30,"94",71567454637.3,"GUAINIA",2000,31640
"526",31,"95",55453915266.9,"GUAVIARE",2000,89038
"527",32,"97",53543583850.6,"VAUPES",2000,36151
"528",33,"99",100014402552,"VICHADA",2000,48901
"529",1,"88",49602.13763189,"SAN ANDRES",2001,68177
"530",2,"05",63063325603.3,"ANTIOQUIA",2001,5368957
"531",3,"08",3326730008.33,"ATLANTICO",2001,2046777
"532",4,"11",1633209262.44,"BOGOTA",2001,6412400
"533",5,"13",26665590821.3,"BOLIVAR",2001,1810899
"534",6,"15",23077053533.8,"BOYACA",2001,1239693
"535",7,"17",7415932692.9,"CALDAS",2001,961277
"536",8,"18",90076650375.9,"CAQUETA",2001,402694
"537",9,"19",30643309692.5,"CAUCA",2001,1227525
"538",10,"20",22283670028.7,"CESAR",2001,855971
"539",11,"23",25041935532.1,"CORDOBA",2001,1383011
"540",12,"25",22368383444.1,"CUNDINAMARCA",2001,2118567
"541",13,"27",47579077175.6,"CHOCO",2001,437951
"542",14,"41",18711021019.1,"HUILA",2001,953031
"543",15,"44",20670666607.9,"GUAJIRA",2001,573624
"544",16,"47",23205726282.5,"MAGDALENA",2001,1120576
"545",17,"50",85485545028.4,"META",2001,714759
"546",18,"52",31649908982.1,"NARIÑO",2001,1464826
"547",19,"54",22023022884.6,"NORTE SANTANDER",2001,1200639
"548",20,"63",1935383829.55,"QUINDIO",2001,522634
"549",21,"66",3978381258.68,"RISARALDA",2001,875120
"550",22,"68",30596831607.2,"SANTANDER",2001,1916945
"551",23,"70",10709151724.8,"SUCRE",2001,742217
"552",24,"73",23983356256.7,"TOLIMA",2001,1342648
"553",25,"76",21269355545.1,"VALLE",2001,3990355
"554",26,"81",23805557612,"ARAUCA",2001,220976
"555",27,"85",44483997372.1,"CASANARE",2001,270318
"556",28,"86",25893760987.4,"PUTUMAYO",2001,297363
"557",29,"91",110046458883,"AMAZONAS",2001,63451
"558",30,"94",71567454637.3,"GUAINIA",2001,32490
"559",31,"95",55453915266.9,"GUAVIARE",2001,90360
"560",32,"97",53543583850.6,"VAUPES",2001,36905
"561",33,"99",100014402552,"VICHADA",2001,50405
"562",1,"88",49602.13763189,"SAN ANDRES",2002,68717
"563",2,"05",63063325603.3,"ANTIOQUIA",2002,5447841
"564",3,"08",3326730008.33,"ATLANTICO",2002,2076366
"565",4,"11",1633209262.44,"BOGOTA",2002,6520473
"566",5,"13",26665590821.3,"BOLIVAR",2002,1828057
"567",6,"15",23077053533.8,"BOYACA",2002,1244292
"568",7,"17",7415932692.9,"CALDAS",2002,962996
"569",8,"18",90076650375.9,"CAQUETA",2002,406734
"570",9,"19",30643309692.5,"CAUCA",2002,1238420
"571",10,"20",22283670028.7,"CESAR",2002,867510
"572",11,"23",25041935532.1,"CORDOBA",2002,1404175
"573",12,"25",22368383444.1,"CUNDINAMARCA",2002,2159796
"574",13,"27",47579077175.6,"CHOCO",2002,441828
"575",14,"41",18711021019.1,"HUILA",2002,967773
"576",15,"44",20670666607.9,"GUAJIRA",2002,599517
"577",16,"47",23205726282.5,"MAGDALENA",2002,1121975
"578",17,"50",85485545028.4,"META",2002,732007
"579",18,"52",31649908982.1,"NARIÑO",2002,1483416
"580",19,"54",22023022884.6,"NORTE SANTANDER",2002,1211502
"581",20,"63",1935383829.55,"QUINDIO",2002,525498
"582",21,"66",3978381258.68,"RISARALDA",2002,880472
"583",22,"68",30596831607.2,"SANTANDER",2002,1927772
"584",23,"70",10709151724.8,"SUCRE",2002,749636
"585",24,"73",23983356256.7,"TOLIMA",2002,1348498
"586",25,"76",21269355545.1,"VALLE",2002,4032191
"587",26,"81",23805557612,"ARAUCA",2002,224831
"588",27,"85",44483997372.1,"CASANARE",2002,276648
"589",28,"86",25893760987.4,"PUTUMAYO",2002,300865
"590",29,"91",110046458883,"AMAZONAS",2002,64701
"591",30,"94",71567454637.3,"GUAINIA",2002,33261
"592",31,"95",55453915266.9,"GUAVIARE",2002,91633
"593",32,"97",53543583850.6,"VAUPES",2002,37602
"594",33,"99",100014402552,"VICHADA",2002,51821
"595",1,"88",49602.13763189,"SAN ANDRES",2003,69300
"596",2,"05",63063325603.3,"ANTIOQUIA",2003,5526457
"597",3,"08",3326730008.33,"ATLANTICO",2003,2106173
"598",4,"11",1633209262.44,"BOGOTA",2003,6627568
"599",5,"13",26665590821.3,"BOLIVAR",2003,1844798
"600",6,"15",23077053533.8,"BOYACA",2003,1248391
"601",7,"17",7415932692.9,"CALDAS",2003,964745
"602",8,"18",90076650375.9,"CAQUETA",2003,410991
"603",9,"19",30643309692.5,"CAUCA",2003,1248825
"604",10,"20",22283670028.7,"CESAR",2003,879257
"605",11,"23",25041935532.1,"CORDOBA",2003,1425297
"606",12,"25",22368383444.1,"CUNDINAMARCA",2003,2200405
"607",13,"27",47579077175.6,"CHOCO",2003,445794
"608",14,"41",18711021019.1,"HUILA",2003,982377
"609",15,"44",20670666607.9,"GUAJIRA",2003,626358
"610",16,"47",23205726282.5,"MAGDALENA",2003,1131036
"611",17,"50",85485545028.4,"META",2003,749153
"612",18,"52",31649908982.1,"NARIÑO",2003,1502757
"613",19,"54",22023022884.6,"NORTE SANTANDER",2003,1222289
"614",20,"63",1935383829.55,"QUINDIO",2003,528413
"615",21,"66",3978381258.68,"RISARALDA",2003,885964
"616",22,"68",30596831607.2,"SANTANDER",2003,1937920
"617",23,"70",10709151724.8,"SUCRE",2003,757033
"618",24,"73",23983356256.7,"TOLIMA",2003,1354239
"619",25,"76",21269355545.1,"VALLE",2003,4074590
"620",26,"81",23805557612,"ARAUCA",2003,227738
"621",27,"85",44483997372.1,"CASANARE",2003,282913
"622",28,"86",25893760987.4,"PUTUMAYO",2003,304095
"623",29,"91",110046458883,"AMAZONAS",2003,65825
"624",30,"94",71567454637.3,"GUAINIA",2003,33968
"625",31,"95",55453915266.9,"GUAVIARE",2003,92889
"626",32,"97",53543583850.6,"VAUPES",2003,38230
"627",33,"99",100014402552,"VICHADA",2003,53171
"628",1,"88",49602.13763189,"SAN ANDRES",2004,69920
"629",2,"05",63063325603.3,"ANTIOQUIA",2004,5604712
"630",3,"08",3326730008.33,"ATLANTICO",2004,2136070
"631",4,"11",1633209262.44,"BOGOTA",2004,6734041
"632",5,"13",26665590821.3,"BOLIVAR",2004,1861840
"633",6,"15",23077053533.8,"BOYACA",2004,1252027
"634",7,"17",7415932692.9,"CALDAS",2004,966596
"635",8,"18",90076650375.9,"CAQUETA",2004,415586
"636",9,"19",30643309692.5,"CAUCA",2004,1258885
"637",10,"20",22283670028.7,"CESAR",2004,891245
"638",11,"23",25041935532.1,"CORDOBA",2004,1446552
"639",12,"25",22368383444.1,"CUNDINAMARCA",2004,2240428
"640",13,"27",47579077175.6,"CHOCO",2004,449877
"641",14,"41",18711021019.1,"HUILA",2004,996874
"642",15,"44",20670666607.9,"GUAJIRA",2004,653834
"643",16,"47",23205726282.5,"MAGDALENA",2004,1140396
"644",17,"50",85485545028.4,"META",2004,766214
"645",18,"52",31649908982.1,"NARIÑO",2004,1522205
"646",19,"54",22023022884.6,"NORTE SANTANDER",2004,1233069
"647",20,"63",1935383829.55,"QUINDIO",2004,531424
"648",21,"66",3978381258.68,"RISARALDA",2004,891636
"649",22,"68",30596831607.2,"SANTANDER",2004,1947837
"650",23,"70",10709151724.8,"SUCRE",2004,764503
"651",24,"73",23983356256.7,"TOLIMA",2004,1359765
"652",25,"76",21269355545.1,"VALLE",2004,4117760
"653",26,"81",23805557612,"ARAUCA",2004,230019
"654",27,"85",44483997372.1,"CASANARE",2004,289117
"655",28,"86",25893760987.4,"PUTUMAYO",2004,307144
"656",29,"91",110046458883,"AMAZONAS",2004,66827
"657",30,"94",71567454637.3,"GUAINIA",2004,34614
"658",31,"95",55453915266.9,"GUAVIARE",2004,94181
"659",32,"97",53543583850.6,"VAUPES",2004,38787
"660",33,"99",100014402552,"VICHADA",2004,54504
"661",1,"88",49602.13763189,"SAN ANDRES",2005,70554
"662",2,"05",63063325603.3,"ANTIOQUIA",2005,5682310
"663",3,"08",3326730008.33,"ATLANTICO",2005,2166020
"664",4,"11",1633209262.44,"BOGOTA",2005,6840116
"665",5,"13",26665590821.3,"BOLIVAR",2005,1879480
"666",6,"15",23077053533.8,"BOYACA",2005,1255314
"667",7,"17",7415932692.9,"CALDAS",2005,968586
"668",8,"18",90076650375.9,"CAQUETA",2005,420518
"669",9,"19",30643309692.5,"CAUCA",2005,1268830
"670",10,"20",22283670028.7,"CESAR",2005,903423
"671",11,"23",25041935532.1,"CORDOBA",2005,1467906
"672",12,"25",22368383444.1,"CUNDINAMARCA",2005,2280158
"673",13,"27",47579077175.6,"CHOCO",2005,454053
"674",14,"41",18711021019.1,"HUILA",2005,1011405
"675",15,"44",20670666607.9,"GUAJIRA",2005,681534
"676",16,"47",23205726282.5,"MAGDALENA",2005,1150064
"677",17,"50",85485545028.4,"META",2005,783285
"678",18,"52",31649908982.1,"NARIÑO",2005,1541692
"679",19,"54",22023022884.6,"NORTE SANTANDER",2005,1243861
"680",20,"63",1935383829.55,"QUINDIO",2005,534506
"681",21,"66",3978381258.68,"RISARALDA",2005,897413
"682",22,"68",30596831607.2,"SANTANDER",2005,1957775
"683",23,"70",10709151724.8,"SUCRE",2005,772042
"684",24,"73",23983356256.7,"TOLIMA",2005,1365082
"685",25,"76",21269355545.1,"VALLE",2005,4161470
"686",26,"81",23805557612,"ARAUCA",2005,232129
"687",27,"85",44483997372.1,"CASANARE",2005,295276
"688",28,"86",25893760987.4,"PUTUMAYO",2005,310132
"689",29,"91",110046458883,"AMAZONAS",2005,67726
"690",30,"94",71567454637.3,"GUAINIA",2005,35230
"691",31,"95",55453915266.9,"GUAVIARE",2005,95551
"692",32,"97",53543583850.6,"VAUPES",2005,39279
"693",33,"99",100014402552,"VICHADA",2005,55872
"694",1,"88",49602.13763189,"SAN ANDRES",2006,71075
"695",2,"05",63063325603.3,"ANTIOQUIA",2006,5757973
"696",3,"08",3326730008.33,"ATLANTICO",2006,2195776
"697",4,"11",1633209262.44,"BOGOTA",2006,6945216
"698",5,"13",26665590821.3,"BOLIVAR",2006,1898031
"699",6,"15",23077053533.8,"BOYACA",2006,1258195
"700",7,"17",7415932692.9,"CALDAS",2006,970651
"701",8,"18",90076650375.9,"CAQUETA",2006,425748
"702",9,"19",30643309692.5,"CAUCA",2006,1278185
"703",10,"20",22283670028.7,"CESAR",2006,915900
"704",11,"23",25041935532.1,"CORDOBA",2006,1489745
"705",12,"25",22368383444.1,"CUNDINAMARCA",2006,2318959
"706",13,"27",47579077175.6,"CHOCO",2006,458317
"707",14,"41",18711021019.1,"HUILA",2006,1025738
"708",15,"44",20670666607.9,"GUAJIRA",2006,708768
"709",16,"47",23205726282.5,"MAGDALENA",2006,1159895
"710",17,"50",85485545028.4,"META",2006,800581
"711",18,"52",31649908982.1,"NARIÑO",2006,1560872
"712",19,"54",22023022884.6,"NORTE SANTANDER",2006,1254386
"713",20,"63",1935383829.55,"QUINDIO",2006,537530
"714",21,"66",3978381258.68,"RISARALDA",2006,903052
"715",22,"68",30596831607.2,"SANTANDER",2006,1968351
"716",23,"70",10709151724.8,"SUCRE",2006,779515
"717",24,"73",23983356256.7,"TOLIMA",2006,1369841
"718",25,"76",21269355545.1,"VALLE",2006,4205228
"719",26,"81",23805557612,"ARAUCA",2006,235252
"720",27,"85",44483997372.1,"CASANARE",2006,301371
"721",28,"86",25893760987.4,"PUTUMAYO",2006,313126
"722",29,"91",110046458883,"AMAZONAS",2006,68613
"723",30,"94",71567454637.3,"GUAINIA",2006,35846
"724",31,"95",55453915266.9,"GUAVIARE",2006,97135
"725",32,"97",53543583850.6,"VAUPES",2006,39741
"726",33,"99",100014402552,"VICHADA",2006,57344
"727",1,"88",49602.13763189,"SAN ANDRES",2007,71613
"728",2,"05",63063325603.3,"ANTIOQUIA",2007,5834865
"729",3,"08",3326730008.33,"ATLANTICO",2007,2225481
"730",4,"11",1633209262.44,"BOGOTA",2007,7050228
"731",5,"13",26665590821.3,"BOLIVAR",2007,1917345
"732",6,"15",23077053533.8,"BOYACA",2007,1260821
"733",7,"17",7415932692.9,"CALDAS",2007,972591
"734",8,"18",90076650375.9,"CAQUETA",2007,431020
"735",9,"19",30643309692.5,"CAUCA",2007,1287746
"736",10,"20",22283670028.7,"CESAR",2007,928571
"737",11,"23",25041935532.1,"CORDOBA",2007,1512031
"738",12,"25",22368383444.1,"CUNDINAMARCA",2007,2358115
"739",13,"27",47579077175.6,"CHOCO",2007,462683
"740",14,"41",18711021019.1,"HUILA",2007,1040086
"741",15,"44",20670666607.9,"GUAJIRA",2007,736050
"742",16,"47",23205726282.5,"MAGDALENA",2007,1169866
"743",17,"50",85485545028.4,"META",2007,817969
"744",18,"52",31649908982.1,"NARIÑO",2007,1580109
"745",19,"54",22023022884.6,"NORTE SANTANDER",2007,1265056
"746",20,"63",1935383829.55,"QUINDIO",2007,540533
"747",21,"66",3978381258.68,"RISARALDA",2007,908644
"748",22,"68",30596831607.2,"SANTANDER",2007,1978976
"749",23,"70",10709151724.8,"SUCRE",2007,787153
"750",24,"73",23983356256.7,"TOLIMA",2007,1374437
"751",25,"76",21269355545.1,"VALLE",2007,4249220
"752",26,"81",23805557612,"ARAUCA",2007,238361
"753",27,"85",44483997372.1,"CASANARE",2007,307441
"754",28,"86",25893760987.4,"PUTUMAYO",2007,316209
"755",29,"91",110046458883,"AMAZONAS",2007,69474
"756",30,"94",71567454637.3,"GUAINIA",2007,36464
"757",31,"95",55453915266.9,"GUAVIARE",2007,98688
"758",32,"97",53543583850.6,"VAUPES",2007,40198
"759",33,"99",100014402552,"VICHADA",2007,58885
"760",1,"88",49602.13763189,"SAN ANDRES",2008,72167
"761",2,"05",63063325603.3,"ANTIOQUIA",2008,5911399
"762",3,"08",3326730008.33,"ATLANTICO",2008,2255143
"763",4,"11",1633209262.44,"BOGOTA",2008,7155052
"764",5,"13",26665590821.3,"BOLIVAR",2008,1937500
"765",6,"15",23077053533.8,"BOYACA",2008,1263252
"766",7,"17",7415932692.9,"CALDAS",2008,974493
"767",8,"18",90076650375.9,"CAQUETA",2008,436485
"768",9,"19",30643309692.5,"CAUCA",2008,1297703
"769",10,"20",22283670028.7,"CESAR",2008,941258
"770",11,"23",25041935532.1,"CORDOBA",2008,1535414
"771",12,"25",22368383444.1,"CUNDINAMARCA",2008,2397511
"772",13,"27",47579077175.6,"CHOCO",2008,467074
"773",14,"41",18711021019.1,"HUILA",2008,1054423
"774",15,"44",20670666607.9,"GUAJIRA",2008,763496
"775",16,"47",23205726282.5,"MAGDALENA",2008,1180134
"776",17,"50",85485545028.4,"META",2008,835526
"777",18,"52",31649908982.1,"NARIÑO",2008,1599646
"778",19,"54",22023022884.6,"NORTE SANTANDER",2008,1275834
"779",20,"63",1935383829.55,"QUINDIO",2008,543579
"780",21,"66",3978381258.68,"RISARALDA",2008,914171
"781",22,"68",30596831607.2,"SANTANDER",2008,1989514
"782",23,"70",10709151724.8,"SUCRE",2008,794914
"783",24,"73",23983356256.7,"TOLIMA",2008,1378903
"784",25,"76",21269355545.1,"VALLE",2008,4293541
"785",26,"81",23805557612,"ARAUCA",2008,241446
"786",27,"85",44483997372.1,"CASANARE",2008,313431
"787",28,"86",25893760987.4,"PUTUMAYO",2008,319390
"788",29,"91",110046458883,"AMAZONAS",2008,70313
"789",30,"94",71567454637.3,"GUAINIA",2008,37084
"790",31,"95",55453915266.9,"GUAVIARE",2008,100208
"791",32,"97",53543583850.6,"VAUPES",2008,40649
"792",33,"99",100014402552,"VICHADA",2008,60494
"793",1,"88",49602.13763189,"SAN ANDRES",2009,72735
"794",2,"05",63063325603.3,"ANTIOQUIA",2009,5988552
"795",3,"08",3326730008.33,"ATLANTICO",2009,2284841
"796",4,"11",1633209262.44,"BOGOTA",2009,7259597
"797",5,"13",26665590821.3,"BOLIVAR",2009,1958431
"798",6,"15",23077053533.8,"BOYACA",2009,1265513
"799",7,"17",7415932692.9,"CALDAS",2009,976423
"800",8,"18",90076650375.9,"CAQUETA",2009,442071
"801",9,"19",30643309692.5,"CAUCA",2009,1308183
"802",10,"20",22283670028.7,"CESAR",2009,953866
"803",11,"23",25041935532.1,"CORDOBA",2009,1558833
"804",12,"25",22368383444.1,"CUNDINAMARCA",2009,2437151
"805",13,"27",47579077175.6,"CHOCO",2009,471598
"806",14,"41",18711021019.1,"HUILA",2009,1068844
"807",15,"44",20670666607.9,"GUAJIRA",2009,791083
"808",16,"47",23205726282.5,"MAGDALENA",2009,1190666
"809",17,"50",85485545028.4,"META",2009,853166
"810",18,"52",31649908982.1,"NARIÑO",2009,1619461
"811",19,"54",22023022884.6,"NORTE SANTANDER",2009,1286830
"812",20,"63",1935383829.55,"QUINDIO",2009,546593
"813",21,"66",3978381258.68,"RISARALDA",2009,919641
"814",22,"68",30596831607.2,"SANTANDER",2009,1999999
"815",23,"70",10709151724.8,"SUCRE",2009,802736
"816",24,"73",23983356256.7,"TOLIMA",2009,1383304
"817",25,"76",21269355545.1,"VALLE",2009,4338216
"818",26,"81",23805557612,"ARAUCA",2009,244507
"819",27,"85",44483997372.1,"CASANARE",2009,319515
"820",28,"86",25893760987.4,"PUTUMAYO",2009,322681
"821",29,"91",110046458883,"AMAZONAS",2009,71167
"822",30,"94",71567454637.3,"GUAINIA",2009,37705
"823",31,"95",55453915266.9,"GUAVIARE",2009,101759
"824",32,"97",53543583850.6,"VAUPES",2009,41094
"825",33,"99",100014402552,"VICHADA",2009,62071
"826",1,"88",49602.13763189,"SAN ANDRES",2010,73320
"827",2,"05",63063325603.3,"ANTIOQUIA",2010,6066003
"828",3,"08",3326730008.33,"ATLANTICO",2010,2314460
"829",4,"11",1633209262.44,"BOGOTA",2010,7363782
"830",5,"13",26665590821.3,"BOLIVAR",2010,1980012
"831",6,"15",23077053533.8,"BOYACA",2010,1267652
"832",7,"17",7415932692.9,"CALDAS",2010,978342
"833",8,"18",90076650375.9,"CAQUETA",2010,447767
"834",9,"19",30643309692.5,"CAUCA",2010,1319120
"835",10,"20",22283670028.7,"CESAR",2010,966450
"836",11,"23",25041935532.1,"CORDOBA",2010,1582784
"837",12,"25",22368383444.1,"CUNDINAMARCA",2010,2477036
"838",13,"27",47579077175.6,"CHOCO",2010,476149
"839",14,"41",18711021019.1,"HUILA",2010,1083189
"840",15,"44",20670666607.9,"GUAJIRA",2010,818740
"841",16,"47",23205726282.5,"MAGDALENA",2010,1201501
"842",17,"50",85485545028.4,"META",2010,870921
"843",18,"52",31649908982.1,"NARIÑO",2010,1639560
"844",19,"54",22023022884.6,"NORTE SANTANDER",2010,1297951
"845",20,"63",1935383829.55,"QUINDIO",2010,549662
"846",21,"66",3978381258.68,"RISARALDA",2010,925117
"847",22,"68",30596831607.2,"SANTANDER",2010,2010393
"848",23,"70",10709151724.8,"SUCRE",2010,810664
"849",24,"73",23983356256.7,"TOLIMA",2010,1387621
"850",25,"76",21269355545.1,"VALLE",2010,4383277
"851",26,"81",23805557612,"ARAUCA",2010,247541
"852",27,"85",44483997372.1,"CASANARE",2010,325621
"853",28,"86",25893760987.4,"PUTUMAYO",2010,326093
"854",29,"91",110046458883,"AMAZONAS",2010,72017
"855",30,"94",71567454637.3,"GUAINIA",2010,38328
"856",31,"95",55453915266.9,"GUAVIARE",2010,103307
"857",32,"97",53543583850.6,"VAUPES",2010,41534
"858",33,"99",100014402552,"VICHADA",2010,63670
"859",1,"88",49602.13763189,"SAN ANDRES",2011,73925
"860",2,"05",63063325603.3,"ANTIOQUIA",2011,6143809
"861",3,"08",3326730008.33,"ATLANTICO",2011,2344077
"862",4,"11",1633209262.44,"BOGOTA",2011,7467804
"863",5,"13",26665590821.3,"BOLIVAR",2011,2002531
"864",6,"15",23077053533.8,"BOYACA",2011,1269405
"865",7,"17",7415932692.9,"CALDAS",2011,980267
"866",8,"18",90076650375.9,"CAQUETA",2011,453588
"867",9,"19",30643309692.5,"CAUCA",2011,1330756
"868",10,"20",22283670028.7,"CESAR",2011,979054
"869",11,"23",25041935532.1,"CORDOBA",2011,1607519
"870",12,"25",22368383444.1,"CUNDINAMARCA",2011,2517215
"871",13,"27",47579077175.6,"CHOCO",2011,480820
"872",14,"41",18711021019.1,"HUILA",2011,1097584
"873",15,"44",20670666607.9,"GUAJIRA",2011,846641
"874",16,"47",23205726282.5,"MAGDALENA",2011,1212559
"875",17,"50",85485545028.4,"META",2011,888802
"876",18,"52",31649908982.1,"NARIÑO",2011,1660062
"877",19,"54",22023022884.6,"NORTE SANTANDER",2011,1309265
"878",20,"63",1935383829.55,"QUINDIO",2011,552755
"879",21,"66",3978381258.68,"RISARALDA",2011,930518
"880",22,"68",30596831607.2,"SANTANDER",2011,2020604
"881",23,"70",10709151724.8,"SUCRE",2011,818689
"882",24,"73",23983356256.7,"TOLIMA",2011,1391876
"883",25,"76",21269355545.1,"VALLE",2011,4428675
"884",26,"81",23805557612,"ARAUCA",2011,250569
"885",27,"85",44483997372.1,"CASANARE",2011,331734
"886",28,"86",25893760987.4,"PUTUMAYO",2011,329598
"887",29,"91",110046458883,"AMAZONAS",2011,72858
"888",30,"94",71567454637.3,"GUAINIA",2011,38949
"889",31,"95",55453915266.9,"GUAVIARE",2011,104846
"890",32,"97",53543583850.6,"VAUPES",2011,41965
"891",33,"99",100014402552,"VICHADA",2011,65282
"892",1,"88",49602.13763189,"SAN ANDRES",2012,74541
"893",2,"05",63063325603.3,"ANTIOQUIA",2012,6221817
"894",3,"08",3326730008.33,"ATLANTICO",2012,2373550
"895",4,"11",1633209262.44,"BOGOTA",2012,7571345
"896",5,"13",26665590821.3,"BOLIVAR",2012,2025573
"897",6,"15",23077053533.8,"BOYACA",2012,1271133
"898",7,"17",7415932692.9,"CALDAS",2012,982207
"899",8,"18",90076650375.9,"CAQUETA",2012,459515
"900",9,"19",30643309692.5,"CAUCA",2012,1342650
"901",10,"20",22283670028.7,"CESAR",2012,991584
"902",11,"23",25041935532.1,"CORDOBA",2012,1632637
"903",12,"25",22368383444.1,"CUNDINAMARCA",2012,2557623
"904",13,"27",47579077175.6,"CHOCO",2012,485543
"905",14,"41",18711021019.1,"HUILA",2012,1111947
"906",15,"44",20670666607.9,"GUAJIRA",2012,874532
"907",16,"47",23205726282.5,"MAGDALENA",2012,1223875
"908",17,"50",85485545028.4,"META",2012,906805
"909",18,"52",31649908982.1,"NARIÑO",2012,1680795
"910",19,"54",22023022884.6,"NORTE SANTANDER",2012,1320777
"911",20,"63",1935383829.55,"QUINDIO",2012,555836
"912",21,"66",3978381258.68,"RISARALDA",2012,935910
"913",22,"68",30596831607.2,"SANTANDER",2012,2030775
"914",23,"70",10709151724.8,"SUCRE",2012,826780
"915",24,"73",23983356256.7,"TOLIMA",2012,1396038
"916",25,"76",21269355545.1,"VALLE",2012,4474369
"917",26,"81",23805557612,"ARAUCA",2012,253565
"918",27,"85",44483997372.1,"CASANARE",2012,337886
"919",28,"86",25893760987.4,"PUTUMAYO",2012,333247
"920",29,"91",110046458883,"AMAZONAS",2012,73699
"921",30,"94",71567454637.3,"GUAINIA",2012,39574
"922",31,"95",55453915266.9,"GUAVIARE",2012,106386
"923",32,"97",53543583850.6,"VAUPES",2012,42392
"924",33,"99",100014402552,"VICHADA",2012,66917
"925",1,"88",49602.13763189,"SAN ANDRES",2013,75167
"926",2,"05",63063325603.3,"ANTIOQUIA",2013,6299990
"927",3,"08",3326730008.33,"ATLANTICO",2013,2402910
"928",4,"11",1633209262.44,"BOGOTA",2013,7674366
"929",5,"13",26665590821.3,"BOLIVAR",2013,2049109
"930",6,"15",23077053533.8,"BOYACA",2013,1272855
"931",7,"17",7415932692.9,"CALDAS",2013,984115
"932",8,"18",90076650375.9,"CAQUETA",2013,465487
"933",9,"19",30643309692.5,"CAUCA",2013,1354733
"934",10,"20",22283670028.7,"CESAR",2013,1004058
"935",11,"23",25041935532.1,"CORDOBA",2013,1658067
"936",12,"25",22368383444.1,"CUNDINAMARCA",2013,2598245
"937",13,"27",47579077175.6,"CHOCO",2013,490317
"938",14,"41",18711021019.1,"HUILA",2013,1126316
"939",15,"44",20670666607.9,"GUAJIRA",2013,902367
"940",16,"47",23205726282.5,"MAGDALENA",2013,1235532
"941",17,"50",85485545028.4,"META",2013,924871
"942",18,"52",31649908982.1,"NARIÑO",2013,1701782
"943",19,"54",22023022884.6,"NORTE SANTANDER",2013,1332378
"944",20,"63",1935383829.55,"QUINDIO",2013,558969
"945",21,"66",3978381258.68,"RISARALDA",2013,941275
"946",22,"68",30596831607.2,"SANTANDER",2013,2040932
"947",23,"70",10709151724.8,"SUCRE",2013,834937
"948",24,"73",23983356256.7,"TOLIMA",2013,1400140
"949",25,"76",21269355545.1,"VALLE",2013,4520480
"950",26,"81",23805557612,"ARAUCA",2013,256527
"951",27,"85",44483997372.1,"CASANARE",2013,344040
"952",28,"86",25893760987.4,"PUTUMAYO",2013,337054
"953",29,"91",110046458883,"AMAZONAS",2013,74541
"954",30,"94",71567454637.3,"GUAINIA",2013,40203
"955",31,"95",55453915266.9,"GUAVIARE",2013,107934
"956",32,"97",53543583850.6,"VAUPES",2013,42817
"957",33,"99",100014402552,"VICHADA",2013,68575
"958",1,"88",49602.13763189,"SAN ANDRES",2014,75801
"959",2,"05",63063325603.3,"ANTIOQUIA",2014,6378132
"960",3,"08",3326730008.33,"ATLANTICO",2014,2432003
"961",4,"11",1633209262.44,"BOGOTA",2014,7776845
"962",5,"13",26665590821.3,"BOLIVAR",2014,2073004
"963",6,"15",23077053533.8,"BOYACA",2014,1274615
"964",7,"17",7415932692.9,"CALDAS",2014,986042
"965",8,"18",90076650375.9,"CAQUETA",2014,471541
"966",9,"19",30643309692.5,"CAUCA",2014,1366984
"967",10,"20",22283670028.7,"CESAR",2014,1016533
"968",11,"23",25041935532.1,"CORDOBA",2014,1683782
"969",12,"25",22368383444.1,"CUNDINAMARCA",2014,2639059
"970",13,"27",47579077175.6,"CHOCO",2014,495151
"971",14,"41",18711021019.1,"HUILA",2014,1140539
"972",15,"44",20670666607.9,"GUAJIRA",2014,930143
"973",16,"47",23205726282.5,"MAGDALENA",2014,1247514
"974",17,"50",85485545028.4,"META",2014,943072
"975",18,"52",31649908982.1,"NARIÑO",2014,1722945
"976",19,"54",22023022884.6,"NORTE SANTANDER",2014,1344038
"977",20,"63",1935383829.55,"QUINDIO",2014,562114
"978",21,"66",3978381258.68,"RISARALDA",2014,946632
"979",22,"68",30596831607.2,"SANTANDER",2014,2051022
"980",23,"70",10709151724.8,"SUCRE",2014,843202
"981",24,"73",23983356256.7,"TOLIMA",2014,1404262
"982",25,"76",21269355545.1,"VALLE",2014,4566875
"983",26,"81",23805557612,"ARAUCA",2014,259447
"984",27,"85",44483997372.1,"CASANARE",2014,350239
"985",28,"86",25893760987.4,"PUTUMAYO",2014,341034
"986",29,"91",110046458883,"AMAZONAS",2014,75388
"987",30,"94",71567454637.3,"GUAINIA",2014,40839
"988",31,"95",55453915266.9,"GUAVIARE",2014,109490
"989",32,"97",53543583850.6,"VAUPES",2014,43240
"990",33,"99",100014402552,"VICHADA",2014,70260
"991",1,"88",49602.13763189,"SAN ANDRES",2015,76442
"992",2,"05",63063325603.3,"ANTIOQUIA",2015,6456299
"993",3,"08",3326730008.33,"ATLANTICO",2015,2460863
"994",4,"11",1633209262.44,"BOGOTA",2015,7878783
"995",5,"13",26665590821.3,"BOLIVAR",2015,2097161
"996",6,"15",23077053533.8,"BOYACA",2015,1276407
"997",7,"17",7415932692.9,"CALDAS",2015,987991
"998",8,"18",90076650375.9,"CAQUETA",2015,477642
"999",9,"19",30643309692.5,"CAUCA",2015,1379169
"1000",10,"20",22283670028.7,"CESAR",2015,1028890
"1001",11,"23",25041935532.1,"CORDOBA",2015,1709644
"1002",12,"25",22368383444.1,"CUNDINAMARCA",2015,2680041
"1003",13,"27",47579077175.6,"CHOCO",2015,500093
"1004",14,"41",18711021019.1,"HUILA",2015,1154777
"1005",15,"44",20670666607.9,"GUAJIRA",2015,957797
"1006",16,"47",23205726282.5,"MAGDALENA",2015,1259822
"1007",17,"50",85485545028.4,"META",2015,961334
"1008",18,"52",31649908982.1,"NARIÑO",2015,1744228
"1009",19,"54",22023022884.6,"NORTE SANTANDER",2015,1355787
"1010",20,"63",1935383829.55,"QUINDIO",2015,565310
"1011",21,"66",3978381258.68,"RISARALDA",2015,951953
"1012",22,"68",30596831607.2,"SANTANDER",2015,2061079
"1013",23,"70",10709151724.8,"SUCRE",2015,851515
"1014",24,"73",23983356256.7,"TOLIMA",2015,1408272
"1015",25,"76",21269355545.1,"VALLE",2015,4613684
"1016",26,"81",23805557612,"ARAUCA",2015,262315
"1017",27,"85",44483997372.1,"CASANARE",2015,356479
"1018",28,"86",25893760987.4,"PUTUMAYO",2015,345204
"1019",29,"91",110046458883,"AMAZONAS",2015,76243
"1020",30,"94",71567454637.3,"GUAINIA",2015,41482
"1021",31,"95",55453915266.9,"GUAVIARE",2015,111060
"1022",32,"97",53543583850.6,"VAUPES",2015,43665
"1023",33,"99",100014402552,"VICHADA",2015,71974
"1024",1,"88",49602.13763189,"SAN ANDRES",2016,77101
"1025",2,"05",63063325603.3,"ANTIOQUIA",2016,6534857
"1026",3,"08",3326730008.33,"ATLANTICO",2016,2489514
"1027",4,"11",1633209262.44,"BOGOTA",2016,7980001
"1028",5,"13",26665590821.3,"BOLIVAR",2016,2121956
"1029",6,"15",23077053533.8,"BOYACA",2016,1278107
"1030",7,"17",7415932692.9,"CALDAS",2016,989934
"1031",8,"18",90076650375.9,"CAQUETA",2016,483846
"1032",9,"19",30643309692.5,"CAUCA",2016,1391836
"1033",10,"20",22283670028.7,"CESAR",2016,1041204
"1034",11,"23",25041935532.1,"CORDOBA",2016,1736170
"1035",12,"25",22368383444.1,"CUNDINAMARCA",2016,2721368
"1036",13,"27",47579077175.6,"CHOCO",2016,505016
"1037",14,"41",18711021019.1,"HUILA",2016,1168869
"1038",15,"44",20670666607.9,"GUAJIRA",2016,985452
"1039",16,"47",23205726282.5,"MAGDALENA",2016,1272442
"1040",17,"50",85485545028.4,"META",2016,979710
"1041",18,"52",31649908982.1,"NARIÑO",2016,1765906
"1042",19,"54",22023022884.6,"NORTE SANTANDER",2016,1367708
"1043",20,"63",1935383829.55,"QUINDIO",2016,568506
"1044",21,"66",3978381258.68,"RISARALDA",2016,957254
"1045",22,"68",30596831607.2,"SANTANDER",2016,2071016
"1046",23,"70",10709151724.8,"SUCRE",2016,859913
"1047",24,"73",23983356256.7,"TOLIMA",2016,1412220
"1048",25,"76",21269355545.1,"VALLE",2016,4660741
"1049",26,"81",23805557612,"ARAUCA",2016,265190
"1050",27,"85",44483997372.1,"CASANARE",2016,362721
"1051",28,"86",25893760987.4,"PUTUMAYO",2016,349537
"1052",29,"91",110046458883,"AMAZONAS",2016,77088
"1053",30,"94",71567454637.3,"GUAINIA",2016,42123
"1054",31,"95",55453915266.9,"GUAVIARE",2016,112621
"1055",32,"97",53543583850.6,"VAUPES",2016,44079
"1056",33,"99",100014402552,"VICHADA",2016,73702
"1057",1,"88",49602.13763189,"SAN ANDRES",2017,77759
"1058",2,"05",63063325603.3,"ANTIOQUIA",2017,6613118
"1059",3,"08",3326730008.33,"ATLANTICO",2017,2517897
"1060",4,"11",1633209262.44,"BOGOTA",2017,8080734
"1061",5,"13",26665590821.3,"BOLIVAR",2017,2146696
"1062",6,"15",23077053533.8,"BOYACA",2017,1279955
"1063",7,"17",7415932692.9,"CALDAS",2017,991860
"1064",8,"18",90076650375.9,"CAQUETA",2017,490056
"1065",9,"19",30643309692.5,"CAUCA",2017,1404205
"1066",10,"20",22283670028.7,"CESAR",2017,1053475
"1067",11,"23",25041935532.1,"CORDOBA",2017,1762530
"1068",12,"25",22368383444.1,"CUNDINAMARCA",2017,2762784
"1069",13,"27",47579077175.6,"CHOCO",2017,510047
"1070",14,"41",18711021019.1,"HUILA",2017,1182944
"1071",15,"44",20670666607.9,"GUAJIRA",2017,1012926
"1072",16,"47",23205726282.5,"MAGDALENA",2017,1285384
"1073",17,"50",85485545028.4,"META",2017,998162
"1074",18,"52",31649908982.1,"NARIÑO",2017,1787545
"1075",19,"54",22023022884.6,"NORTE SANTANDER",2017,1379533
"1076",20,"63",1935383829.55,"QUINDIO",2017,571733
"1077",21,"66",3978381258.68,"RISARALDA",2017,962529
"1078",22,"68",30596831607.2,"SANTANDER",2017,2080938
"1079",23,"70",10709151724.8,"SUCRE",2017,868438
"1080",24,"73",23983356256.7,"TOLIMA",2017,1416124
"1081",25,"76",21269355545.1,"VALLE",2017,4708262
"1082",26,"81",23805557612,"ARAUCA",2017,267992
"1083",27,"85",44483997372.1,"CASANARE",2017,368989
"1084",28,"86",25893760987.4,"PUTUMAYO",2017,354094
"1085",29,"91",110046458883,"AMAZONAS",2017,77948
"1086",30,"94",71567454637.3,"GUAINIA",2017,42777
"1087",31,"95",55453915266.9,"GUAVIARE",2017,114207
"1088",32,"97",53543583850.6,"VAUPES",2017,44500
"1089",33,"99",100014402552,"VICHADA",2017,75468
"1090",1,"88",49602.13763189,"SAN ANDRES",2018,78413
"1091",2,"05",63063325603.3,"ANTIOQUIA",2018,6691030
"1092",3,"08",3326730008.33,"ATLANTICO",2018,2545924
"1093",4,"11",1633209262.44,"BOGOTA",2018,8181047
"1094",5,"13",26665590821.3,"BOLIVAR",2018,2171280
"1095",6,"15",23077053533.8,"BOYACA",2018,1282063
"1096",7,"17",7415932692.9,"CALDAS",2018,993866
"1097",8,"18",90076650375.9,"CAQUETA",2018,496241
"1098",9,"19",30643309692.5,"CAUCA",2018,1415933
"1099",10,"20",22283670028.7,"CESAR",2018,1065673
"1100",11,"23",25041935532.1,"CORDOBA",2018,1788507
"1101",12,"25",22368383444.1,"CUNDINAMARCA",2018,2804238
"1102",13,"27",47579077175.6,"CHOCO",2018,515145
"1103",14,"41",18711021019.1,"HUILA",2018,1197081
"1104",15,"44",20670666607.9,"GUAJIRA",2018,1040157
"1105",16,"47",23205726282.5,"MAGDALENA",2018,1298691
"1106",17,"50",85485545028.4,"META",2018,1016701
"1107",18,"52",31649908982.1,"NARIÑO",2018,1809116
"1108",19,"54",22023022884.6,"NORTE SANTANDER",2018,1391239
"1109",20,"63",1935383829.55,"QUINDIO",2018,575010
"1110",21,"66",3978381258.68,"RISARALDA",2018,967767
"1111",22,"68",30596831607.2,"SANTANDER",2018,2090839
"1112",23,"70",10709151724.8,"SUCRE",2018,877057
"1113",24,"73",23983356256.7,"TOLIMA",2018,1419947
"1114",25,"76",21269355545.1,"VALLE",2018,4756113
"1115",26,"81",23805557612,"ARAUCA",2018,270708
"1116",27,"85",44483997372.1,"CASANARE",2018,375249
"1117",28,"86",25893760987.4,"PUTUMAYO",2018,358896
"1118",29,"91",110046458883,"AMAZONAS",2018,78830
"1119",30,"94",71567454637.3,"GUAINIA",2018,43446
"1120",31,"95",55453915266.9,"GUAVIARE",2018,115829
"1121",32,"97",53543583850.6,"VAUPES",2018,44928
"1122",33,"99",100014402552,"VICHADA",2018,77276
"1123",1,"88",49602.13763189,"SAN ANDRES",2019,79060
"1124",2,"05",63063325603.3,"ANTIOQUIA",2019,6768388
"1125",3,"08",3326730008.33,"ATLANTICO",2019,2573591
"1126",4,"11",1633209262.44,"BOGOTA",2019,8281030
"1127",5,"13",26665590821.3,"BOLIVAR",2019,2195495
"1128",6,"15",23077053533.8,"BOYACA",2019,1284375
"1129",7,"17",7415932692.9,"CALDAS",2019,995822
"1130",8,"18",90076650375.9,"CAQUETA",2019,502410
"1131",9,"19",30643309692.5,"CAUCA",2019,1426938
"1132",10,"20",22283670028.7,"CESAR",2019,1077770
"1133",11,"23",25041935532.1,"CORDOBA",2019,1813854
"1134",12,"25",22368383444.1,"CUNDINAMARCA",2019,2845668
"1135",13,"27",47579077175.6,"CHOCO",2019,520296
"1136",14,"41",18711021019.1,"HUILA",2019,1211163
"1137",15,"44",20670666607.9,"GUAJIRA",2019,1067063
"1138",16,"47",23205726282.5,"MAGDALENA",2019,1312428
"1139",17,"50",85485545028.4,"META",2019,1035256
"1140",18,"52",31649908982.1,"NARIÑO",2019,1830473
"1141",19,"54",22023022884.6,"NORTE SANTANDER",2019,1402695
"1142",20,"63",1935383829.55,"QUINDIO",2019,578268
"1143",21,"66",3978381258.68,"RISARALDA",2019,972978
"1144",22,"68",30596831607.2,"SANTANDER",2019,2100704
"1145",23,"70",10709151724.8,"SUCRE",2019,885835
"1146",24,"73",23983356256.7,"TOLIMA",2019,1423719
"1147",25,"76",21269355545.1,"VALLE",2019,4804489
"1148",26,"81",23805557612,"ARAUCA",2019,273321
"1149",27,"85",44483997372.1,"CASANARE",2019,381554
"1150",28,"86",25893760987.4,"PUTUMAYO",2019,363967
"1151",29,"91",110046458883,"AMAZONAS",2019,79739
"1152",30,"94",71567454637.3,"GUAINIA",2019,44134
"1153",31,"95",55453915266.9,"GUAVIARE",2019,117494
"1154",32,"97",53543583850.6,"VAUPES",2019,45367
"1155",33,"99",100014402552,"VICHADA",2019,79134
"1156",1,"88",49602.13763189,"SAN ANDRES",2020,79693
"1157",2,"05",63063325603.3,"ANTIOQUIA",2020,6845093
"1158",3,"08",3326730008.33,"ATLANTICO",2020,2600904
"1159",4,"11",1633209262.44,"BOGOTA",2020,8380801
"1160",5,"13",26665590821.3,"BOLIVAR",2020,2219139
"1161",6,"15",23077053533.8,"BOYACA",2020,1287032
"1162",7,"17",7415932692.9,"CALDAS",2020,997831
"1163",8,"18",90076650375.9,"CAQUETA",2020,508517
"1164",9,"19",30643309692.5,"CAUCA",2020,1436916
"1165",10,"20",22283670028.7,"CESAR",2020,1089792
"1166",11,"23",25041935532.1,"CORDOBA",2020,1838371
"1167",12,"25",22368383444.1,"CUNDINAMARCA",2020,2887005
"1168",13,"27",47579077175.6,"CHOCO",2020,525505
"1169",14,"41",18711021019.1,"HUILA",2020,1225343
"1170",15,"44",20670666607.9,"GUAJIRA",2020,1093671
"1171",16,"47",23205726282.5,"MAGDALENA",2020,1326525
"1172",17,"50",85485545028.4,"META",2020,1053867
"1173",18,"52",31649908982.1,"NARIÑO",2020,1851477
"1174",19,"54",22023022884.6,"NORTE SANTANDER",2020,1413837
"1175",20,"63",1935383829.55,"QUINDIO",2020,581552
"1176",21,"66",3978381258.68,"RISARALDA",2020,978173
"1177",22,"68",30596831607.2,"SANTANDER",2020,2110580
"1178",23,"70",10709151724.8,"SUCRE",2020,894785
"1179",24,"73",23983356256.7,"TOLIMA",2020,1427427
"1180",25,"76",21269355545.1,"VALLE",2020,4853327
"1181",26,"81",23805557612,"ARAUCA",2020,275814
"1182",27,"85",44483997372.1,"CASANARE",2020,387828
"1183",28,"86",25893760987.4,"PUTUMAYO",2020,369332
"1184",29,"91",110046458883,"AMAZONAS",2020,80682
"1185",30,"94",71567454637.3,"GUAINIA",2020,44844
"1186",31,"95",55453915266.9,"GUAVIARE",2020,119214
"1187",32,"97",53543583850.6,"VAUPES",2020,45822
"1188",33,"99",100014402552,"VICHADA",2020,81048
